Anal cancer;Hepato-biliary cancers;Bladder cancer;Bone cancers;Brain/CNS cancer;Breast cancer;Cervical cancer;Colorectal cancer;Endometrial cancer;Esophageal cancer;Head and neck cancer;Lung Cancer;Mediastinal tumors;Melanoma;Mesothelioma;Neuroendocrine tumors;Occult primary cancer;Oncohematologic malignancies;Ovarian cancer;Pancreatic cancer;Parathyroid cancer;Penile cancer;Prostate cancer;Kidney cancer;Sarcoma/Soft tissue tumors;Skin cancer;Small bowel cancer;Stomach (gastric) cancer;Testicular cancer;Thyroid cancer;Vaginal cancer;Vulvar cancer;Various cancers (articles with multiple nosologies or pancancer-design);Neuroblastoma;Adrenal cancer;Ocular / orbital cancer
anal margin neoplasm;icc;cystoscopy;pelvic and sacral tumors;central nervous system;breast magnetic resonance imaging;hpv;colonoscopy;uterine neoplasm;oesophagectomy;head and neck;lung biopsy;anterior mediastinal mass;mc1r;mesothelioma;somatostatin receptor scintigraphy;occult primary;sternal puncture;fallopian tube;pancreatic serous cystic neoplasm;hyperparathyroidism;penile intraepithelial neoplasia;tmprss2-erg;fuhrman grading system;desmin;keratoacanthoma;small bowel resection;gastroesophageal junction;orchiectomy;thyroid fine-needle aspiration;vaginal intraepithelial neoplasia;vulvar intraepithelial neoplasia;the cancer genome atlas;ganglioneuroblastoma;adrenal neoplasm;ocular lesion
anal intraepithelial neoplasia;iCCA;intravesical bcg;pagets disease of bone;cns;breast mr images;pap smear;colonoscopic biopsy;uterine cancer;esophagectomy;nasopharynx;pulmonary biopsy;mediastinal mass;dermoscopy;malignant mesothelioma;somatostatin receptor imaging;unknown primary site;bone marrow biopsy;primary peritoneal;pancreatic cystic neoplasm;primary hyperparathyroidism;pein;gleason score;nephrectomy;mesenchymal neoplasm;skin tissue;duodenal resection;signet ring cell carcinoma;alpha-fetoprotein;thyroid cytopathology;vaginal biopsy;high-grade vulvar intraepithelial neoplasia;tcga;peripheral neuroblastic tumor;adrenal gland neoplasm;orbital lesion
ain;eCCA;transurethral resection of bladder tumor;fibrous dysplasia of bone;whole-brain;breast mris;pap-smear;flexible sigmoidoscopy;uterine tumor;gerd;oropharynx;lung nodule;thymic mass;dermatoscopy;pleural mesothelioma;octreotide scan;unknown origin;bone marrow transplant;ca125;pancreatic mucinous cystic neoplasm;parathyroid hyperplasia;carcinoma in situ of the penis;abiraterone;partial nephrectomy;mesenchymal neoplasms;cscc;small intestine resection;mucosa-associated lymphoid tissue lymphoma;afp;ret;biopsy of the vagina;vulvar biopsy;nci-60;peripheral neuroblastic tumour;adrenal cortical neoplasm;uveal lesion
anal hsil;pCCA;bladder lesion;chondroma;brain on mri;breast mri;papanicolaou smear;fecal occult blood test;uterine carcinoma;gastroesophageal reflux disease;hypopharynx;pulmonary nodule;middle mediastinal mass;melanocytic nevus;malignant pleural mesothelioma;dotatate pet;cup;bone marrow transplantation;ca-125;intraductal papillary mucinous neoplasm;atypical parathyroid adenoma;bowen disease of the penis;enzalutamide;radical nephrectomy;smarcb1;skin biopsy;disseminated appendiceal cancer;helicobacter pylori;beta-hcg;ret/ptc;vaginal colposcopy;biopsy of the vulva;multiple cancers;neuroblastic tumor;adrenal cortical lesion;choroidal lesion
high-grade squamous intraepithelial lesion of the anus;fl-hcc;bladder mass;enchondroma;brain image;breast ultrasound;pap test;fobt;uterine adenocarcinoma;barretts neoplasia;larynx;bronchoscopy;posterior mediastinal mass;kit mutation;peritoneal mesothelioma;synaptophysin;;autologous stem cell transplant;pax8;solid pseudopapillary neoplasm of the pancreas;parathyroidectomy;erythroplasia of queyrat;apalutamide;laparoscopic nephrectomy;acta2;punch biopsy of the skin;;atrophic gastritis;testicular mass;thyroid nodule;colposcopy of the vagina;vulvectomy;different cancers;neuroblastic tumour;adrenal tumor;retinal tumor
;cirrhosis;hematuria;vertebral tumor;brain images;breast us;liquid-based cytology;fecal immunochemical test;endometrioid;barrett's neoplasia;pharynx;videobronchoscopy;anterior mediastinum;clark level;pericardial mesothelioma;chromogranin a;;allogeneic stem cell transplant;figo staging;mucinous cystic neoplasm of the pancreas;partial parathyroidectomy;penectomy;castration-resistant;robotic nephrectomy;myod1;excisional biopsy of a skin lesion;;intestinal metaplasia (gastric);intratubular germ cell neoplasia;follicular thyroid adenoma;vaginoscopy;radical vulvectomy;various cancers;sympathetic neuroblastic tumor;adrenal tumour;retinal tumour
;hepatitis b;bacillus calmette-guerin;spinal bone tumor;brain tissue;ultrasonography of the breast;colposcopy;fit;endometrioid cancer;barretts esophagus;oral cavity;video bronchoscopy;mediastinum;breslow depth;tunica vaginalis mesothelioma;;;myeloperoxidase;figo stage ovarian cancer;mcn;subtotal parathyroidectomy;partial penectomy;psa;nephron-sparing surgery;myogenin;shave biopsy of the skin;;gastrectomy;intratubular germ cell neoplasia unclassified;thyroidectomy;mri of the vagina;partial vulvectomy;major types of cancers;sympathetic neuroblastic tumour;adrenal gland tumor;
;afp;bcg therapy;coccygeal tumor;electroencephalography;mammography;colposcopic examination;ct colonography;endometrioid tumor;barrett's esophagus;nasal cavity;endobronchial ultrasound;thymus;breslow thickness;epithelioid mesothelioma;;;mpo;adnexal mass;pancreatobiliary-type;en bloc parathyroidectomy;buschke-lowenstein tumor;prostate biopsy;renal ablation;pax3-foxo1;actinic keratosis;;subtotal gastrectomy;igcnu;tsh;vain;wide local excision of the vulva;types of cancers;childhood neuroblastoma;adrenal gland tumour;
;cholangioscopy;turbt;pelvic bone tumor;gfap;mammogram;biopsy of the cervix;virtual colonoscopy;endometrioid neoplasm;barrett esophagus;maxillary sinus;ebus;thoracic cancer;breslow;sarcomatoid mesothelioma;;;flt3;adnexal tumor;pancreaticoduodenectomy;radioguided parathyroidectomy;;needle biopsy of the prostate;radiofrequency ablation of the kidney;pax7-foxo1;mohs surgery;;total gastrectomy;testicular intraepithelial neoplasia;thyroid-stimulating hormone;vaginectomy;vulvar hsil;cancer phenotypes;pediatric neuroblastoma;adrenal cortical mass;
;gb polyps;muscle-invasive urothelial cancer;iliac bone tumor;glial fibrillary acidic protein;mammograms;cervical biopsy;carcinoembryonic antigen;endometrioid carcinoma;barrett's oesophagus;sinonasal;transthoracic needle biopsy;;sentinel lymph node biopsy;biphasic mesothelioma;;;fms like tyrosine kinase 3;transvaginal ultrasound;whipple procedure;minimally invasive parathyroidectomy;;prostatic intraepithelial neoplasia;cryoablation of the kidney;smooth muscle actin;mohs micrographic surgery;;maltoma;radical inguinal orchiectomy;radioiodine therapy;;differentiated vin;tumor exome;paediatric neuroblastoma;adrenal mass;
;intrahepatic cancer;;ischial bone tumor;posterior fossa tumors;tomosynthesis;cone biopsy;cea;endometrial hyperplasia;barrett esophagus dysplasia;salivary gland;ttnb;;slnb;;;;npm1;pelvic ultrasound;pancreatectomy;parafibromin;;high-grade pin;renal ct;h-caldesmon;wide local excision of skin;;gastric radiography;partial orchiectomy;thyroid adenoma;;dvin;tumor exomes;;primary adrenal malignancy;
;cholangiocarcinoma;;pubic bone tumor;anterior fossa tumors;digital breast tomosynthesis;conization;rectum;endometrial biopsy;barrett's esophagus dysplasia;parotid;transbronchial lung biopsy;;immunotherapy for melanoma;;;;nucleophosmin;ovarian ultrasound;distal pancreatectomy;cdc73 mutation;;transrectal ultrasound;contrast-enhanced ct of the kidney;soft tissue tumors;;;gastrointestinal cancer;testicular biopsy;fna of the thyroid;;sentinel lymph node biopsy of the vulva;variant allele frequency;;adrenocortical carcinoma;
;hepatoblastoma;;scapular tumor;cerebellum tumor;abus;leep;sigmoid colon;biopsy of the endometrium;photodynamic therapy of the esophagus;tonsil;tblb;;targeted therapy for melanoma;;;;cebpa;ovarian mri;total pancreatectomy;hrpt2 mutation;;radical prostatectomy;renal mri;tfe3 rearrangement;;;gastrointestinal cancers;germ cell tumor;thyroid biopsy;;;variant allele frequencies;;;
;liver and tumour;;clavicular tumor;cerebellum neoplasm;bi-rads;loop electrosurgical excision procedure;caco-2;dilatation and curettage;esophagram;tonsillar;ros1;;melanoma staging;;;;ccaat/enhancer binding protein alpha;oophorectomy;smad4 loss;men1 mutation;;retropubic prostatectomy;contrast-enhanced mri of the kidney;ss18-ssx;;;gastrointestinal tumor;b-hcg;total thyroidectomy;;;methylation data;;;
;liver and tumors;;sternal tumor;cerebellum cancer;mastectomy;endocervical curettage;ht29;hysteroscopy;barium esophagram;base of tongue;ros1 fusion;;abcde criteria;;;;bone marrow aspiration;salpingo-oophorectomy;ipmn;hpt-jt syndrome;;robotic prostatectomy;renal ultrasound;ddit3 fusion;;;gastrointestinal tumors;testicular ultrasound;subtotal thyroidectomy;;;tumor phylogeny;;;
;;;rib bone tumor;corpus callosum tumor;lumpectomy;high-risk hpv;hct116;hysteroscopic biopsy;esophagogastroduodenoscopy;jaw;alk mutation;;familial atypical multiple mole melanoma;;;;flow cytometry;ovcar-3;spn;hyperparathyroidism-jaw tumor syndrome;;brachytherapy of the prostate;doppler ultrasound of the kidney;kit mutation;;;;;hemithyroidectomy;;;subclonal selection;;;
;;;humeral bone tumor;corpus callosum neoplasm;breast lumpectomy;hpv16;sw480;ultrasound of the endometrium;endoscopic ultrasound of the esophagus;mandible;alk rearrangement;;fammm;;;;immunophenotyping;sk-ov-3;ca 19-9;jaw tumor syndrome;;prostate-specific antigen;vhl mutation;pdgfra mutation;;;;;radioactive iodine ablation;;;nci60;;;
;;;femoral bone tumor;corpus callosum cancer;breast biopsy;hpv18;lovo;endometrial mri;esophageal endoscopic ultrasound;maxilla;egfr;;cdkn2a mutation;;;;minimal residual disease;caov3;kras g12d;parathyroid adenoma;;gleason grading;von hippel-lindau mutation;soft tissue malignancy;;;;;ret mutation;;;tcga pan-cancer;;;
;;;tibial bone tumor;hypothalamus tumor;breast biopsies;hpv genotyping;msi;sonohysterography;partial esophagectomy;glottic carcinoma;egfr mutation;;ugly duckling sign;;;;mrd;tubo-ovarian;;pth;;androgen receptor splice variant;von hippel lindau mutation;atypical lipomatous tumors;;;;;ret/ptc rearrangement;;;multi-tumor;;;
;;;osteoblastoma;hypothalamus neoplasm;biopsy of the breast;hpv viral load;advanced adenoma;postmenopausal bleeding;partial oesophagectomy;oral malignancy;ground glass nodule;;reflectance confocal microscopy;;;;aml malignancies;tuboovarian;;;;androgen-deprivation therapy;pbrm1 mutation;round cell tumors;;;;;pax8-pparg fusion;;;cross-cancer;;;
;;;osteoma;hypothalamus cancer;breast masses;hela;colorectal polyp;endometrial thickness;transhiatal esophagectomy;oscc;ground-glass nodule;;confocal reflectance microscopy;;;;hematopoietic malignancies;pelvic mass;;;;androgen deprivation therapy;bap1 mutation;;;;;;bethesda;;;cancer subtype classification;;;
;;;bone lesion;medulla oblongata tumor;breast lymph nodes;siha;colon polyp;pipelle biopsy;transthoracic esophagectomy;glottic lesion;ground glass opacity;;lentigo maligna;;;;;adnexal lesion;;;;sipuleucel-t;met amplification;;;;;;bethesda category;;;brain metastases;;;
;;;osseous lesion;medulla oblongata neoplasm;mcf-7;caski;rectal lesion;d&c;ivor lewis esophagectomy;vocal cord carcinoma;ground-glass opacity;;;;;;;roma score;;;;du145;vegf expression;;;;;;braf v600e;;;cancer driver gene;;;
;;;skeletal lesion;medulla oblongata cancer;t47d;c33a;colon lesion;transvaginal ultrasound;mckeown esophagectomy;vocal fold carcinoma;lung adenosquamous carcinoma;;;;;;;risk of malignancy index;;;;22rv1;786-o;;;;;;TI-RADS;;;lymph node metastases;;;
;;;bone mass;cerebral tumor;mda-mb-231;me-180;submucosal invasive carcinoma;tvus;radiofrequency ablation of the esophagus;laryngeal lesion;;;;;;;;rmi;;;;high-grade prostatic intraepithelial neoplasia;caki-1;;;;;;thyroid papillary carcinoma;;;circulating tumor cells;;;
;;;sacral tumor;cerebral neoplasm;er-positive;hr-hpv;;malignant endometrial lesions;barrett dysplasia;;;;;;;;;;;;;pi-rads;achn;;;;;;;;;cancer radiotherapy;;;
;;;pelvic lesion;cerebral cancer;pr-positive;human papillomavirus;;;high-grade dysplasia of barrett esophagus;;;;;;;;;;;;;pirads;a498;;;;;;;;;cancer risk factors;;;
;;;spinal lesion;pituitary tumors;invasive micropapillary carcinoma;hpv-positive;;;low-grade dysplasia of barrett esophagus;;;;;;;;;;;;;multiparametric mri of the prostate;rcc4;;;;;;;;;cell-free dna;;;
;;;osteoblastic bone metastases from bone;brainstem tumors;breast lesion;visual inspection with acetic acid;;;upper gi endoscopy;;;;;;;;;;;;;psma pet;renal mass;;;;;;;;;solid tumors;;;
;;;;intracranial tumors;breast calcification;via;;;egd;;;;;;;;;;;;;;small renal mass;;;;;;;;;spinal metastases;;;
;;;;central nervous system tumors;breast density;;;;upper gastrointestinal cancer;;;;;;;;;;;;;;bosniak classification;;;;;;;;;cancer risk;;;
;;;;central nervous system neoplasms;screening mammography;;;;esophagogastric cancer;;;;;;;;;;;;;;bosniak cyst;;;;;;;;;cancer classification;;;
;;;;cns tumors;breast-conserving surgery;;;;;;;;;;;;;;;;;;;;;;;;;;;cancer detection;;;
;;;;cns neoplasms;sentinel lymph node biopsy;;;;;;;;;;;;;;;;;;;;;;;;;;;for gynecological malignancies patients;;;
;;;;diffuse intrinsic pontine gliomas;axillary lymph node;;;;;;;;;;;;;;;;;;;;;;;;;;;radiomics in malignancy prediction;;;
;;;;gliomas;axillary metastasis;;;;;;;;;;;;;;;;;;;;;;;;;;;personalized oncologic therapy;;;
;;;;astrocytomas;ductal carcinoma;;;;;;;;;;;;;;;;;;;;;;;;;;;analysis of cancer screening;;;
;;;;ependymomas;;;;;;;;;;;;;;;;;;;;;;;;;;;;for identifying cancer driver genes;;;
;;;;oligodendrogliomas;;;;;;;;;;;;;;;;;;;;;;;;;;;;3d cancer organoids;;;
;;;;medulloblastomas;;;;;;;;;;;;;;;;;;;;;;;;;;;;cancer biomarkers identification;;;
;;;;glioblastomas;;;;;;;;;;;;;;;;;;;;;;;;;;;;cancer type classification;;;
;;;;meningiomas;;;;;;;;;;;;;;;;;;;;;;;;;;;;cancer pain detection;;;
;;;;schwannomas;;;;;;;;;;;;;;;;;;;;;;;;;;;;distinguishing adrenal metastases from benign;;;
;;;;brain mri;;;;;;;;;;;;;;;;;;;;;;;;;;;;cancer cell lines;;;
;;;;intracranial lesion;;;;;;;;;;;;;;;;;;;;;;;;;;;;data for cancer screening;;;
;;;;cns lesion;;;;;;;;;;;;;;;;;;;;;;;;;;;;gynecologic cancers;;;
;;;;pituitary lesion;;;;;;;;;;;;;;;;;;;;;;;;;;;;lymph node metastases;;;
;;;;sellar mass;;;;;;;;;;;;;;;;;;;;;;;;;;;;metastatic spinal cord compression;;;
;;;;cerebral cystic metastases from brain;;;;;;;;;;;;;;;;;;;;;;;;;;;;modeling cancer cell behavior;;;
;;;;pituitary neuroendocrine tumours;;;;;;;;;;;;;;;;;;;;;;;;;;;;gynecologic malignancies;;;
;;;;sellar region tumors;;;;;;;;;;;;;;;;;;;;;;;;;;;;model of cancer diseases diagnosis;;;
;;;;sellar region tumors;;;;;;;;;;;;;;;;;;;;;;;;;;;;strategies for cancer pain management;;;
;;;;vestibular schwannoma;;;;;;;;;;;;;;;;;;;;;;;;;;;;advanced solid tumors;;;
;;;;vestibular schwannomas;;;;;;;;;;;;;;;;;;;;;;;;;;;;cancer tumour detection;;;
;;;;;;;;;;;;;;;;;;;;;;;;;;;;;;;;gastric and colonic epithelial tumours;;;
;;;;;;;;;;;;;;;;;;;;;;;;;;;;;;;;metastases detection;;;
;;;;;;;;;;;;;;;;;;;;;;;;;;;;;;;;hypovascular hepatic metastases;;;
;;;;;;;;;;;;;;;;;;;;;;;;;;;;;;;;abdominal tumors;;;
;;;;;;;;;;;;;;;;;;;;;;;;;;;;;;;;drug-resistant cancer cell phenotypes;;;
;;;;;;;;;;;;;;;;;;;;;;;;;;;;;;;;spinal metastasis;;;
;;;;;;;;;;;;;;;;;;;;;;;;;;;;;;;;spinal metastases;;;
;;;;;;;;;;;;;;;;;;;;;;;;;;;;;;;;metastatic spinal disease;;;
;;;;;;;;;;;;;;;;;;;;;;;;;;;;;;;;metastatic spinal tumor;;;
;;;;;;;;;;;;;;;;;;;;;;;;;;;;;;;;metastatic spinal tumour;;;
;;;;;;;;;;;;;;;;;;;;;;;;;;;;;;;;vertebral metastasis;;;
;;;;;;;;;;;;;;;;;;;;;;;;;;;;;;;;vertebral metastases;;;
;;;;;;;;;;;;;;;;;;;;;;;;;;;;;;;;spine metastasis;;;
;;;;;;;;;;;;;;;;;;;;;;;;;;;;;;;;spine metastases;;;
;;;;;;;;;;;;;;;;;;;;;;;;;;;;;;;;metastatic epidural cord compression;;;
;;;;;;;;;;;;;;;;;;;;;;;;;;;;;;;;MECC;;;
